{"version":"0.4","title":"Job Application Form","type":"section","content":[{"id":"15e2","settings":{"gap":"no","box_shadow_box_shadow":{"horizontal":30,"vertical":30,"blur":80,"spread":0,"color":"rgba(0,0,0,0.1)"},"background_background":"classic","background_color":"#ffffff","border_radius":{"unit":"px","top":"5","right":"5","bottom":"5","left":"5","isLinked":true},"box_shadow_box_shadow_type":"yes","padding":{"unit":"px","top":"32","right":"35","bottom":"15","left":"35","isLinked":false},"padding_tablet":{"unit":"px","top":"35","right":"15","bottom":"35","left":"15","isLinked":false}},"elements":[{"id":"3ead","settings":{"_column_size":100,"_inline_size":null},"elements":[{"id":"3994","settings":{"gap":"extended","structure":"20"},"elements":[{"id":"2101","settings":{"_column_size":50,"_inline_size":null},"elements":[{"id":"16e8","settings":{"mf_input_label":"First Name","mf_input_name":"mf-first-name","mf_input_placeholder":"Anderson","mf_input_help_text":"Enter your first name here","mf_input_label_typography_typography":"custom","mf_input_label_typography_font_family":"Helvetica","mf_input_label_typography_font_size":{"unit":"px","size":18,"sizes":[]},"mf_input_label_typography_font_weight":"500","mf_input_label_typography_line_height":{"unit":"px","size":21,"sizes":[]},"mf_input_min_length":1,"mf_input_label_color":"#101010","mf_input_label_margin":{"unit":"px","top":"0","right":"0","bottom":"5","left":"0","isLinked":false},"mf_input_padding":{"unit":"px","top":"15","right":"25","bottom":"15","left":"25","isLinked":false},"mf_input_color":"#101010","mf_input_border_border":"solid","mf_input_border_width":{"unit":"px","top":"1","right":"1","bottom":"1","left":"1","isLinked":true},"mf_input_border_color":"#ededed","mf_input_typgraphy_typography":"custom","mf_input_typgraphy_font_family":"Helvetica","mf_input_typgraphy_font_size":{"unit":"px","size":14,"sizes":[]},"mf_input_typgraphy_font_weight":"400","mf_input_typgraphy_line_height":{"unit":"px","size":15,"sizes":[]},"mf_input_border_radius":{"unit":"px","size":5,"sizes":[]},"mf_input_box_shadow_box_shadow_type":"yes","mf_input_box_shadow_box_shadow":{"horizontal":0,"vertical":3,"blur":5,"spread":0,"color":"rgba(0,0,0,0.05)"},"mf_input_place_holder_typography_typography":"custom","mf_input_place_holder_typography_font_family":"Helvetica","mf_input_place_holder_typography_font_weight":"400","mf_input_placeholder_color":"#999999","mf_input_help_text_typography_typography":"custom","mf_input_help_text_typography_font_family":"Helvetica","mf_input_help_text_typography_font_size":{"unit":"px","size":12,"sizes":[]},"mf_input_help_text_typography_font_weight":"400","mf_input_help_text_typography_font_style":"italic","mf_input_help_text_typography_line_height":{"unit":"px","size":14,"sizes":[]},"mf_input_help_text_padding":{"unit":"px","top":"3","right":"0","bottom":"0","left":"0","isLinked":false},"mf_input_required":"yes","mf_input_required_indicator_color":"#101010"},"elements":[],"isInner":false,"widgetType":"mf-text","elType":"widget"}],"isInner":true,"elType":"column"},{"id":"39e7","settings":{"_column_size":50,"_inline_size":null},"elements":[{"id":"ba6","settings":{"mf_input_label":"Last Name","mf_input_name":"mf-last-name","mf_input_placeholder":"Mikoo","mf_input_help_text":"Enter your last name here","mf_input_label_color":"#101010","mf_input_label_typography_typography":"custom","mf_input_label_typography_font_family":"Helvetica","mf_input_label_typography_font_size":{"unit":"px","size":18,"sizes":[]},"mf_input_label_typography_font_weight":"500","mf_input_label_typography_line_height":{"unit":"px","size":21,"sizes":[]},"mf_input_label_margin":{"unit":"px","top":"0","right":"0","bottom":"5","left":"0","isLinked":false},"mf_input_padding":{"unit":"px","top":"15","right":"25","bottom":"15","left":"25","isLinked":false},"mf_input_color":"#101010","mf_input_border_border":"solid","mf_input_border_width":{"unit":"px","top":"1","right":"1","bottom":"1","left":"1","isLinked":true},"mf_input_border_color":"#ededed","mf_input_typgraphy_typography":"custom","mf_input_typgraphy_font_family":"Helvetica","mf_input_typgraphy_font_size":{"unit":"px","size":14,"sizes":[]},"mf_input_typgraphy_font_weight":"400","mf_input_typgraphy_line_height":{"unit":"px","size":15,"sizes":[]},"mf_input_border_radius":{"unit":"px","size":5,"sizes":[]},"mf_input_box_shadow_box_shadow_type":"yes","mf_input_box_shadow_box_shadow":{"horizontal":0,"vertical":3,"blur":5,"spread":0,"color":"rgba(0,0,0,0.05)"},"mf_input_place_holder_typography_typography":"custom","mf_input_place_holder_typography_font_family":"Helvetica","mf_input_place_holder_typography_font_weight":"400","mf_input_placeholder_color":"#999999","mf_input_help_text_typography_typography":"custom","mf_input_help_text_typography_font_family":"Helvetica","mf_input_help_text_typography_font_size":{"unit":"px","size":12,"sizes":[]},"mf_input_help_text_typography_font_weight":"400","mf_input_help_text_typography_font_style":"italic","mf_input_help_text_typography_line_height":{"unit":"px","size":14,"sizes":[]},"mf_input_help_text_padding":{"unit":"px","top":"3","right":"0","bottom":"0","left":"0","isLinked":false},"mf_input_required":"yes","mf_input_required_indicator_color":"#101010"},"elements":[],"isInner":false,"widgetType":"mf-text","elType":"widget"}],"isInner":true,"elType":"column"}],"isInner":true,"elType":"section"},{"id":"6f39","settings":{"gap":"extended","structure":"20"},"elements":[{"id":"3c32","settings":{"_column_size":50,"_inline_size":null,"margin":{"unit":"px","top":"7","right":"0","bottom":"0","left":"0","isLinked":false}},"elements":[{"id":"4c3d","settings":{"mf_input_label":"Contact Number","mf_input_name":"mf-contact-num","mf_input_placeholder":"","mf_input_help_text":"Example: +1 212-695-1962","mf_input_required":"yes","mf_input_label_color":"#101010","mf_input_label_typography_typography":"custom","mf_input_label_typography_font_family":"Helvetica","mf_input_label_typography_font_size":{"unit":"px","size":18,"sizes":[]},"mf_input_label_typography_font_weight":"500","mf_input_label_typography_line_height":{"unit":"px","size":21,"sizes":[]},"mf_input_label_margin":{"unit":"px","top":"0","right":"0","bottom":"5","left":"0","isLinked":false},"mf_input_required_indicator_color":"#101010","mf_input_padding":{"unit":"px","top":"15","right":"25","bottom":"15","left":"25","isLinked":false},"mf_input_color":"#101010","mf_input_border_border":"solid","mf_input_border_width":{"unit":"px","top":"1","right":"1","bottom":"1","left":"1","isLinked":true},"mf_input_border_color":"#ededed","mf_input_typgraphy_typography":"custom","mf_input_typgraphy_font_family":"Helvetica","mf_input_typgraphy_font_size":{"unit":"px","size":14,"sizes":[]},"mf_input_typgraphy_font_weight":"400","mf_input_typgraphy_line_height":{"unit":"px","size":15,"sizes":[]},"mf_input_border_radius":{"unit":"px","size":5,"sizes":[]},"mf_input_box_shadow_box_shadow_type":"yes","mf_input_box_shadow_box_shadow":{"horizontal":0,"vertical":3,"blur":5,"spread":0,"color":"rgba(0,0,0,0.05)"},"mf_input_place_holder_typography_typography":"custom","mf_input_place_holder_typography_font_family":"Helvetica","mf_input_place_holder_typography_font_weight":"400","mf_input_placeholder_color":"#999999","mf_input_help_text_typography_typography":"custom","mf_input_help_text_typography_font_family":"Helvetica","mf_input_help_text_typography_font_size":{"unit":"px","size":12,"sizes":[]},"mf_input_help_text_typography_font_weight":"400","mf_input_help_text_typography_font_style":"italic","mf_input_help_text_typography_line_height":{"unit":"px","size":14,"sizes":[]},"mf_input_help_text_padding":{"unit":"px","top":"3","right":"0","bottom":"0","left":"0","isLinked":false}},"elements":[],"isInner":false,"widgetType":"mf-telephone","elType":"widget"}],"isInner":true,"elType":"column"},{"id":"5b00","settings":{"_column_size":50,"_inline_size":null,"margin":{"unit":"px","top":"7","right":"0","bottom":"0","left":"0","isLinked":false}},"elements":[{"id":"d83","settings":{"mf_input_label":"Alternative Contact Number","mf_input_name":"mf-alt-num","mf_input_placeholder":"","mf_input_help_text":"Example: +1 212-695-1962","mf_input_required":"","mf_input_label_color":"#101010","mf_input_label_typography_typography":"custom","mf_input_label_typography_font_family":"Helvetica","mf_input_label_typography_font_size":{"unit":"px","size":18,"sizes":[]},"mf_input_label_typography_font_weight":"500","mf_input_label_typography_line_height":{"unit":"px","size":21,"sizes":[]},"mf_input_label_margin":{"unit":"px","top":"0","right":"0","bottom":"5","left":"0","isLinked":false},"mf_input_required_indicator_color":"#101010","mf_input_padding":{"unit":"px","top":"15","right":"25","bottom":"15","left":"25","isLinked":false},"mf_input_color":"#101010","mf_input_border_border":"solid","mf_input_border_width":{"unit":"px","top":"1","right":"1","bottom":"1","left":"1","isLinked":true},"mf_input_border_color":"#ededed","mf_input_typgraphy_typography":"custom","mf_input_typgraphy_font_family":"Helvetica","mf_input_typgraphy_font_size":{"unit":"px","size":14,"sizes":[]},"mf_input_typgraphy_font_weight":"400","mf_input_typgraphy_line_height":{"unit":"px","size":15,"sizes":[]},"mf_input_border_radius":{"unit":"px","size":5,"sizes":[]},"mf_input_box_shadow_box_shadow_type":"yes","mf_input_box_shadow_box_shadow":{"horizontal":0,"vertical":3,"blur":5,"spread":0,"color":"rgba(0,0,0,0.05)"},"mf_input_place_holder_typography_typography":"custom","mf_input_place_holder_typography_font_family":"Helvetica","mf_input_place_holder_typography_font_weight":"400","mf_input_placeholder_color":"#999999","mf_input_help_text_typography_typography":"custom","mf_input_help_text_typography_font_family":"Helvetica","mf_input_help_text_typography_font_size":{"unit":"px","size":12,"sizes":[]},"mf_input_help_text_typography_font_weight":"400","mf_input_help_text_typography_font_style":"italic","mf_input_help_text_typography_line_height":{"unit":"px","size":14,"sizes":[]},"mf_input_help_text_padding":{"unit":"px","top":"3","right":"0","bottom":"0","left":"0","isLinked":false}},"elements":[],"isInner":false,"widgetType":"mf-telephone","elType":"widget"}],"isInner":true,"elType":"column"}],"isInner":true,"elType":"section"},{"id":"1f8a","settings":{"gap":"extended","structure":"20"},"elements":[{"id":"7edf","settings":{"_column_size":50,"_inline_size":null,"margin":{"unit":"px","top":"7","right":"0","bottom":"0","left":"0","isLinked":false}},"elements":[{"id":"697e","settings":{"mf_input_label":"Job Title","mf_input_name":"mf-job-title","mf_input_help_text":"Select your job title from dropdown","mf_input_list":[{"mf_input_option_text":"Product Designer","mf_input_option_value":"value-1","mf_input_option_status":"","_id":"a2fad29"},{"mf_input_option_text":"Software Engineer","mf_input_option_value":"value-2","mf_input_option_status":"","_id":"644c4ff"},{"mf_input_option_text":"QA Engineer","mf_input_option_value":"value-3","mf_input_option_status":"","_id":"8c9320c"}],"mf_input_required":"yes","mf_input_label_color":"#101010","mf_input_label_typography_typography":"custom","mf_input_label_typography_font_family":"Helvetica","mf_input_label_typography_font_size":{"unit":"px","size":18,"sizes":[]},"mf_input_label_typography_font_weight":"500","mf_input_label_typography_line_height":{"unit":"px","size":21,"sizes":[]},"mf_input_label_margin":{"unit":"px","top":"0","right":"0","bottom":"5","left":"0","isLinked":false},"mf_input_required_indicator_color":"#101010","mf_input_padding":{"unit":"px","top":"15","right":"25","bottom":"15","left":"25","isLinked":false},"mf_input_color":"#101010","mf_input_border_border":"solid","mf_input_border_width":{"unit":"px","top":"1","right":"1","bottom":"1","left":"1","isLinked":true},"mf_input_border_color":"#ededed","mf_input_typgraphy_typography":"custom","mf_input_typgraphy_font_family":"Helvetica","mf_input_typgraphy_font_size":{"unit":"px","size":14,"sizes":[]},"mf_input_typgraphy_font_weight":"400","mf_input_typgraphy_line_height":{"unit":"px","size":15,"sizes":[]},"mf_input_border_radius":{"unit":"px","size":5,"sizes":[]},"mf_input_box_shadow_box_shadow_type":"yes","mf_input_box_shadow_box_shadow":{"horizontal":0,"vertical":3,"blur":5,"spread":0,"color":"rgba(0,0,0,0.05)"},"mf_input_help_text_typography_typography":"custom","mf_input_help_text_typography_font_family":"Helvetica","mf_input_help_text_typography_font_size":{"unit":"px","size":12,"sizes":[]},"mf_input_help_text_typography_font_weight":"400","mf_input_help_text_typography_font_style":"italic","mf_input_help_text_typography_line_height":{"unit":"px","size":14,"sizes":[]},"mf_input_help_text_padding":{"unit":"px","top":"3","right":"0","bottom":"0","left":"0","isLinked":false}},"elements":[],"isInner":false,"widgetType":"mf-select","elType":"widget"}],"isInner":true,"elType":"column"},{"id":"45f5","settings":{"_column_size":50,"_inline_size":null,"margin":{"unit":"px","top":"7","right":"0","bottom":"0","left":"0","isLinked":false}},"elements":[{"id":"272c","settings":{"mf_input_label":"Email Address","mf_input_name":"mf-email","mf_input_placeholder":"","mf_input_help_text":"Example: user@website.com","mf_input_required":"yes","mf_input_label_color":"#101010","mf_input_label_typography_typography":"custom","mf_input_label_typography_font_family":"Helvetica","mf_input_label_typography_font_size":{"unit":"px","size":18,"sizes":[]},"mf_input_label_typography_font_weight":"500","mf_input_label_typography_line_height":{"unit":"px","size":21,"sizes":[]},"mf_input_label_margin":{"unit":"px","top":"0","right":"0","bottom":"5","left":"0","isLinked":false},"mf_input_required_indicator_color":"#101010","mf_input_padding":{"unit":"px","top":"15","right":"25","bottom":"15","left":"25","isLinked":false},"mf_input_color":"#101010","mf_input_border_border":"solid","mf_input_border_width":{"unit":"px","top":"1","right":"1","bottom":"1","left":"1","isLinked":true},"mf_input_border_color":"#ededed","mf_input_typgraphy_typography":"custom","mf_input_typgraphy_font_family":"Helvetica","mf_input_typgraphy_font_size":{"unit":"px","size":14,"sizes":[]},"mf_input_typgraphy_font_weight":"400","mf_input_typgraphy_line_height":{"unit":"px","size":15,"sizes":[]},"mf_input_border_radius":{"unit":"px","size":5,"sizes":[]},"mf_input_box_shadow_box_shadow_type":"yes","mf_input_box_shadow_box_shadow":{"horizontal":0,"vertical":3,"blur":5,"spread":0,"color":"rgba(0,0,0,0.05)"},"mf_input_place_holder_typography_typography":"custom","mf_input_place_holder_typography_font_family":"Helvetica","mf_input_place_holder_typography_font_weight":"400","mf_input_placeholder_color":"#999999","mf_input_help_text_typography_typography":"custom","mf_input_help_text_typography_font_family":"Helvetica","mf_input_help_text_typography_font_size":{"unit":"px","size":12,"sizes":[]},"mf_input_help_text_typography_font_weight":"400","mf_input_help_text_typography_font_style":"italic","mf_input_help_text_typography_line_height":{"unit":"px","size":14,"sizes":[]},"mf_input_help_text_padding":{"unit":"px","top":"3","right":"0","bottom":"0","left":"0","isLinked":false}},"elements":[],"isInner":false,"widgetType":"mf-email","elType":"widget"}],"isInner":true,"elType":"column"}],"isInner":true,"elType":"section"},{"id":"2fc4","settings":{"gap":"extended"},"elements":[{"id":"6ad7","settings":{"_column_size":100,"_inline_size":null,"space_between_widgets":0,"margin":{"unit":"px","top":"7","right":"0","bottom":"0","left":"0","isLinked":false}},"elements":[{"id":"29fb","settings":{"mf_input_label":"Upload your Resume","mf_input_name":"mf-resume","mf_input_help_text":"Please upload your CV in .pdf format.","mf_input_label_color":"#101010","mf_input_label_typography_typography":"custom","mf_input_label_typography_font_family":"Helvetica","mf_input_label_typography_font_size":{"unit":"px","size":18,"sizes":[]},"mf_input_label_typography_font_weight":"500","mf_input_label_typography_line_height":{"unit":"px","size":21,"sizes":[]},"mf_input_label_margin":{"unit":"px","top":"0","right":"0","bottom":"5","left":"0","isLinked":false},"mf_input_required_indicator_color":"#101010","mf_input_padding":{"unit":"px","top":"3","right":"0","bottom":"1","left":"0","isLinked":false},"mf_input_color":"#999999","mf_input_border_border":"solid","mf_input_border_width":{"unit":"px","top":"0","right":"0","bottom":"0","left":"0","isLinked":true},"mf_input_typgraphy_typography":"custom","mf_input_typgraphy_font_family":"Helvetica","mf_input_typgraphy_font_size":{"unit":"px","size":12,"sizes":[]},"mf_input_typgraphy_font_weight":"400","mf_input_typgraphy_line_height":{"unit":"px","size":15,"sizes":[]},"mf_input_box_shadow_box_shadow":{"horizontal":0,"vertical":3,"blur":5,"spread":0,"color":"rgba(0,0,0,0.05)"},"mf_input_help_text_typography_typography":"custom","mf_input_help_text_typography_font_family":"Helvetica","mf_input_help_text_typography_font_size":{"unit":"px","size":12,"sizes":[]},"mf_input_help_text_typography_font_weight":"400","mf_input_help_text_typography_font_style":"italic","mf_input_help_text_typography_line_height":{"unit":"px","size":14,"sizes":[]},"mf_input_help_text_padding":{"unit":"px","top":"3","right":"0","bottom":"0","left":"0","isLinked":false}},"elements":[],"isInner":false,"widgetType":"mf-file-upload","elType":"widget"},{"id":"a18","settings":{"mf_input_label":"Message \/ Cover Letter","mf_input_name":"mf-comment","mf_input_placeholder":"","mf_input_required":"yes","mf_input_label_color":"#101010","mf_input_label_typography_typography":"custom","mf_input_label_typography_font_family":"Helvetica","mf_input_label_typography_font_size":{"unit":"px","size":18,"sizes":[]},"mf_input_label_typography_font_weight":"500","mf_input_label_typography_line_height":{"unit":"px","size":21,"sizes":[]},"mf_input_label_margin":{"unit":"px","top":"0","right":"0","bottom":"5","left":"0","isLinked":false},"mf_input_required_indicator_color":"#101010","mf_input_padding":{"unit":"px","top":"15","right":"25","bottom":"15","left":"25","isLinked":false},"mf_input_color":"#101010","mf_input_border_border":"solid","mf_input_border_width":{"unit":"px","top":"1","right":"1","bottom":"1","left":"1","isLinked":true},"mf_input_border_color":"#ededed","mf_input_typgraphy_typography":"custom","mf_input_typgraphy_font_family":"Helvetica","mf_input_typgraphy_font_size":{"unit":"px","size":14,"sizes":[]},"mf_input_typgraphy_font_weight":"400","mf_input_typgraphy_line_height":{"unit":"px","size":15,"sizes":[]},"mf_input_border_radius":{"unit":"px","size":5,"sizes":[]},"mf_input_box_shadow_box_shadow_type":"yes","mf_input_box_shadow_box_shadow":{"horizontal":0,"vertical":3,"blur":5,"spread":0,"color":"rgba(0,0,0,0.05)"},"mf_input_place_holder_typography_typography":"custom","mf_input_place_holder_typography_font_family":"Helvetica","mf_input_place_holder_typography_font_weight":"400","mf_input_placeholder_color":"#999999","mf_input_help_text_typography_typography":"custom","mf_input_help_text_typography_font_family":"Helvetica","mf_input_help_text_typography_font_size":{"unit":"px","size":12,"sizes":[]},"mf_input_help_text_typography_font_weight":"400","mf_input_help_text_typography_font_style":"italic","mf_input_help_text_typography_line_height":{"unit":"px","size":14,"sizes":[]},"mf_input_help_text_padding":{"unit":"px","top":"3","right":"0","bottom":"0","left":"0","isLinked":false},"mf_textarea_field_height":{"unit":"px","size":140,"sizes":[]},"_padding":{"unit":"px","top":"37","right":"0","bottom":"0","left":"0","isLinked":false}},"elements":[],"isInner":false,"widgetType":"mf-textarea","elType":"widget"},{"id":"4c71","settings":{"mf_btn_text":"Apply","mf_btn_align":"left","mf_btn_text_padding":{"unit":"px","top":"15","right":"50","bottom":"15","left":"50","isLinked":false},"mf_btn_typography_typography":"custom","mf_btn_typography_font_family":"Helvetica","mf_btn_typography_font_size":{"unit":"px","size":16,"sizes":[]},"mf_btn_typography_font_weight":"500","mf_btn_typography_line_height":{"unit":"px","size":18,"sizes":[]},"mf_btn_bg_color_background":"classic","mf_btn_bg_color_color":"#4285f4","mf_btn_border_radius":{"unit":"px","top":"5","right":"5","bottom":"5","left":"5","isLinked":true},"mf_btn_box_shadow_group_box_shadow_type":"yes","mf_btn_box_shadow_group_box_shadow":{"horizontal":0,"vertical":7,"blur":15,"spread":0,"color":"rgba(66,133,244,0.3)"},"_margin":{"unit":"px","top":"40","right":"0","bottom":"0","left":"0","isLinked":false}},"elements":[],"isInner":false,"widgetType":"mf-button","elType":"widget"},{"id":"2a56","settings":{"_padding":{"unit":"px","top":"0","right":"15","bottom":"0","left":"15","isLinked":false},"_margin":{"unit":"px","top":"20","right":"0","bottom":"0","left":"0","isLinked":false},"mf_response_padding":{"unit":"px","top":"12","right":"30","bottom":"12","left":"30","isLinked":false},"mf_response_typography_typography":"custom","mf_response_typography_font_family":"Helvetica","mf_response_typography_font_size":{"unit":"px","size":16,"sizes":[]},"mf_response_typography_font_weight":"500","mf_response_typography_line_height":{"unit":"px","size":21,"sizes":[]}},"elements":[],"isInner":false,"widgetType":"mf-response","elType":"widget"}],"isInner":true,"elType":"column"}],"isInner":true,"elType":"section"}],"isInner":false,"elType":"column"}],"isInner":false,"elType":"section"}]}