{"IcoMoonType":"selection","icons":[],"height":1024,"metadata":{"name":"met-social","url":"https://wpmet.com","designerURL":"https://wpmet.com"},"preferences":{"showGlyphs":true,"showCodes":false,"showQuickUse":true,"showQuickUse2":true,"showSVGs":true,"fontPref":{"prefix":"ms-","metadata":{"fontFamily":"met-social","majorVersion":1,"minorVersion":0,"fontURL":"https://wpmet.com","designerURL":"https://wpmet.com"},"metrics":{"emSize":1024,"baseline":6.25,"whitespace":50},"embed":false,"includeMetadata":true,"showSelector":true,"selector":"class","classSelector":".ms","showMetrics":true,"showMetadata":true,"showVersion":true,"noie8":true,"ie7":false},"imagePref":{"prefix":"icon-","png":true,"useClassSelector":true,"color":0,"bgColor":16777215,"name":"icomoon","classSelector":".icon","height":32,"columns":16,"margin":16},"historySize":50,"gridSize":16,"showLiga":false}}