{"version":"0.4","title":"Contact Form Simple 2","type":"page","content":[{"id":"1637","settings":{"gap":"no","box_shadow_box_shadow":{"horizontal":30,"vertical":30,"blur":80,"spread":0,"color":"rgba(0,0,0,0.1)"}},"elements":[{"id":"6736","settings":{"_column_size":100,"_inline_size":null},"elements":[{"id":"456b","settings":{"gap":"extended"},"elements":[{"id":"42ba","settings":{"_column_size":100,"_inline_size":null,"space_between_widgets":0},"elements":[{"id":"6adc","settings":{"title":"Your Details","title_color":"#101010","typography_typography":"custom","typography_font_family":"Helvetica","typography_font_size":{"unit":"px","size":20,"sizes":[]},"typography_font_weight":"700","typography_line_height":{"unit":"px","size":21,"sizes":[]},"_padding":{"unit":"px","top":"0","right":"0","bottom":"5","left":"0","isLinked":false}},"elements":[],"isInner":false,"widgetType":"heading","elType":"widget"},{"id":"37e5","settings":{"title":"Let us know how to get back to you.","header_size":"p","title_color":"#999999","typography_typography":"custom","typography_font_family":"Helvetica","typography_font_size":{"unit":"px","size":14,"sizes":[]},"typography_font_weight":"400","typography_line_height":{"unit":"px","size":18,"sizes":[]},"_margin":{"unit":"px","top":"0","right":"0","bottom":"10","left":"0","isLinked":false},"_padding":{"unit":"px","top":"5","right":"0","bottom":"11","left":"0","isLinked":false},"_border_border":"solid","_border_width":{"unit":"px","top":"0","right":"0","bottom":"1","left":"0","isLinked":false},"_border_color":"#e9e9e9"},"elements":[],"isInner":false,"widgetType":"heading","elType":"widget"}],"isInner":true,"elType":"column"}],"isInner":true,"elType":"section"},{"id":"3974","settings":{"gap":"extended","structure":"20"},"elements":[{"id":"6d61","settings":{"_column_size":50,"_inline_size":null,"space_between_widgets":0},"elements":[{"id":"58c8","settings":{"mf_input_label":"First Name","mf_input_name":"mf-first-name","mf_input_placeholder":"Anderson","mf_input_help_text":"Enter your first name here","mf_input_label_typography_typography":"custom","mf_input_label_typography_font_family":"Helvetica","mf_input_label_typography_font_size":{"unit":"px","size":18,"sizes":[]},"mf_input_label_typography_font_weight":"500","mf_input_label_typography_line_height":{"unit":"px","size":21,"sizes":[]},"mf_input_min_length":1,"mf_input_label_color":"#101010","mf_input_label_margin":{"unit":"px","top":"0","right":"0","bottom":"5","left":"0","isLinked":false},"mf_input_padding":{"unit":"px","top":"15","right":"25","bottom":"15","left":"25","isLinked":false},"mf_input_color":"#101010","mf_input_border_border":"solid","mf_input_border_width":{"unit":"px","top":"1","right":"1","bottom":"1","left":"1","isLinked":true},"mf_input_border_color":"#ededed","mf_input_typgraphy_typography":"custom","mf_input_typgraphy_font_family":"Helvetica","mf_input_typgraphy_font_size":{"unit":"px","size":14,"sizes":[]},"mf_input_typgraphy_font_weight":"400","mf_input_typgraphy_line_height":{"unit":"px","size":15,"sizes":[]},"mf_input_border_radius":{"unit":"px","size":5,"sizes":[]},"mf_input_box_shadow_box_shadow_type":"yes","mf_input_box_shadow_box_shadow":{"horizontal":0,"vertical":3,"blur":5,"spread":0,"color":"rgba(0,0,0,0.05)"},"mf_input_place_holder_typography_typography":"custom","mf_input_place_holder_typography_font_family":"Helvetica","mf_input_place_holder_typography_font_weight":"400","mf_input_placeholder_color":"#999999","mf_input_help_text_typography_typography":"custom","mf_input_help_text_typography_font_family":"Helvetica","mf_input_help_text_typography_font_size":{"unit":"px","size":12,"sizes":[]},"mf_input_help_text_typography_font_weight":"400","mf_input_help_text_typography_font_style":"italic","mf_input_help_text_typography_line_height":{"unit":"px","size":14,"sizes":[]},"mf_input_help_text_padding":{"unit":"px","top":"3","right":"0","bottom":"0","left":"0","isLinked":false},"mf_input_required":"yes","mf_input_required_indicator_color":"#101010"},"elements":[],"isInner":false,"widgetType":"mf-text","elType":"widget"}],"isInner":true,"elType":"column"},{"id":"4d47","settings":{"_column_size":50,"_inline_size":null},"elements":[{"id":"5086","settings":{"mf_input_label":"Last Name","mf_input_name":"mf-last-name","mf_input_placeholder":"Mikoo","mf_input_help_text":"Enter your last name here","mf_input_label_color":"#101010","mf_input_label_typography_typography":"custom","mf_input_label_typography_font_family":"Helvetica","mf_input_label_typography_font_size":{"unit":"px","size":18,"sizes":[]},"mf_input_label_typography_font_weight":"500","mf_input_label_typography_line_height":{"unit":"px","size":21,"sizes":[]},"mf_input_label_margin":{"unit":"px","top":"0","right":"0","bottom":"5","left":"0","isLinked":false},"mf_input_padding":{"unit":"px","top":"15","right":"25","bottom":"15","left":"25","isLinked":false},"mf_input_color":"#101010","mf_input_border_border":"solid","mf_input_border_width":{"unit":"px","top":"1","right":"1","bottom":"1","left":"1","isLinked":true},"mf_input_border_color":"#ededed","mf_input_typgraphy_typography":"custom","mf_input_typgraphy_font_family":"Helvetica","mf_input_typgraphy_font_size":{"unit":"px","size":14,"sizes":[]},"mf_input_typgraphy_font_weight":"400","mf_input_typgraphy_line_height":{"unit":"px","size":15,"sizes":[]},"mf_input_border_radius":{"unit":"px","size":5,"sizes":[]},"mf_input_box_shadow_box_shadow_type":"yes","mf_input_box_shadow_box_shadow":{"horizontal":0,"vertical":3,"blur":5,"spread":0,"color":"rgba(0,0,0,0.05)"},"mf_input_place_holder_typography_typography":"custom","mf_input_place_holder_typography_font_family":"Helvetica","mf_input_place_holder_typography_font_weight":"400","mf_input_placeholder_color":"#999999","mf_input_help_text_typography_typography":"custom","mf_input_help_text_typography_font_family":"Helvetica","mf_input_help_text_typography_font_size":{"unit":"px","size":12,"sizes":[]},"mf_input_help_text_typography_font_weight":"400","mf_input_help_text_typography_font_style":"italic","mf_input_help_text_typography_line_height":{"unit":"px","size":14,"sizes":[]},"mf_input_help_text_padding":{"unit":"px","top":"3","right":"0","bottom":"0","left":"0","isLinked":false},"mf_input_required":"yes","mf_input_required_indicator_color":"#101010"},"elements":[],"isInner":false,"widgetType":"mf-text","elType":"widget"}],"isInner":true,"elType":"column"}],"isInner":true,"elType":"section"},{"id":"6799","settings":{"gap":"extended","structure":"20","padding":{"unit":"px","top":"7","right":"0","bottom":"0","left":"0","isLinked":false}},"elements":[{"id":"6f12","settings":{"_column_size":50,"_inline_size":null,"space_between_widgets":0},"elements":[{"id":"7e9d","settings":{"mf_input_label":"Email Address","mf_input_name":"mf-email","mf_input_placeholder":"","mf_input_help_text":"Example: user@website.com","mf_input_required":"yes","mf_input_label_color":"#101010","mf_input_label_typography_typography":"custom","mf_input_label_typography_font_family":"Helvetica","mf_input_label_typography_font_size":{"unit":"px","size":18,"sizes":[]},"mf_input_label_typography_font_weight":"500","mf_input_label_typography_line_height":{"unit":"px","size":21,"sizes":[]},"mf_input_label_margin":{"unit":"px","top":"0","right":"0","bottom":"5","left":"0","isLinked":false},"mf_input_required_indicator_color":"#101010","mf_input_padding":{"unit":"px","top":"15","right":"25","bottom":"15","left":"25","isLinked":false},"mf_input_color":"#101010","mf_input_border_border":"solid","mf_input_border_width":{"unit":"px","top":"1","right":"1","bottom":"1","left":"1","isLinked":true},"mf_input_border_color":"#ededed","mf_input_typgraphy_typography":"custom","mf_input_typgraphy_font_family":"Helvetica","mf_input_typgraphy_font_size":{"unit":"px","size":14,"sizes":[]},"mf_input_typgraphy_font_weight":"400","mf_input_typgraphy_line_height":{"unit":"px","size":15,"sizes":[]},"mf_input_border_radius":{"unit":"px","size":5,"sizes":[]},"mf_input_box_shadow_box_shadow_type":"yes","mf_input_box_shadow_box_shadow":{"horizontal":0,"vertical":3,"blur":5,"spread":0,"color":"rgba(0,0,0,0.05)"},"mf_input_place_holder_typography_typography":"custom","mf_input_place_holder_typography_font_family":"Helvetica","mf_input_place_holder_typography_font_weight":"400","mf_input_placeholder_color":"#999999","mf_input_help_text_typography_typography":"custom","mf_input_help_text_typography_font_family":"Helvetica","mf_input_help_text_typography_font_size":{"unit":"px","size":12,"sizes":[]},"mf_input_help_text_typography_font_weight":"400","mf_input_help_text_typography_font_style":"italic","mf_input_help_text_typography_line_height":{"unit":"px","size":14,"sizes":[]},"mf_input_help_text_padding":{"unit":"px","top":"3","right":"0","bottom":"0","left":"0","isLinked":false}},"elements":[],"isInner":false,"widgetType":"mf-email","elType":"widget"}],"isInner":true,"elType":"column"},{"id":"78e0","settings":{"_column_size":50,"_inline_size":null},"elements":[{"id":"76e3","settings":{"mf_input_label":"Subject","mf_input_name":"mf-subject","mf_input_placeholder":"","mf_input_help_text":"How can we help you?","mf_input_required":"yes","mf_input_label_color":"#101010","mf_input_label_typography_typography":"custom","mf_input_label_typography_font_family":"Helvetica","mf_input_label_typography_font_size":{"unit":"px","size":18,"sizes":[]},"mf_input_label_typography_font_weight":"500","mf_input_label_typography_line_height":{"unit":"px","size":21,"sizes":[]},"mf_input_label_margin":{"unit":"px","top":"0","right":"0","bottom":"5","left":"0","isLinked":false},"mf_input_required_indicator_color":"#101010","mf_input_padding":{"unit":"px","top":"15","right":"25","bottom":"15","left":"25","isLinked":false},"mf_input_color":"#101010","mf_input_border_border":"solid","mf_input_border_width":{"unit":"px","top":"1","right":"1","bottom":"1","left":"1","isLinked":true},"mf_input_border_color":"#ededed","mf_input_typgraphy_typography":"custom","mf_input_typgraphy_font_family":"Helvetica","mf_input_typgraphy_font_size":{"unit":"px","size":14,"sizes":[]},"mf_input_typgraphy_font_weight":"400","mf_input_typgraphy_line_height":{"unit":"px","size":15,"sizes":[]},"mf_input_border_radius":{"unit":"px","size":5,"sizes":[]},"mf_input_box_shadow_box_shadow_type":"yes","mf_input_box_shadow_box_shadow":{"horizontal":0,"vertical":3,"blur":5,"spread":0,"color":"rgba(0,0,0,0.05)"},"mf_input_place_holder_typography_typography":"custom","mf_input_place_holder_typography_font_family":"Helvetica","mf_input_place_holder_typography_font_weight":"400","mf_input_placeholder_color":"#999999","mf_input_help_text_typography_typography":"custom","mf_input_help_text_typography_font_family":"Helvetica","mf_input_help_text_typography_font_size":{"unit":"px","size":12,"sizes":[]},"mf_input_help_text_typography_font_weight":"400","mf_input_help_text_typography_font_style":"italic","mf_input_help_text_typography_line_height":{"unit":"px","size":14,"sizes":[]},"mf_input_help_text_padding":{"unit":"px","top":"3","right":"0","bottom":"0","left":"0","isLinked":false}},"elements":[],"isInner":false,"widgetType":"mf-text","elType":"widget"}],"isInner":true,"elType":"column"}],"isInner":true,"elType":"section"},{"id":"70d1","settings":{"gap":"extended","padding":{"unit":"px","top":"7","right":"0","bottom":"0","left":"0","isLinked":false}},"elements":[{"id":"3f8","settings":{"_column_size":100,"_inline_size":null,"space_between_widgets":0},"elements":[{"id":"6a5e","settings":{"title":"How can we help?","title_color":"#101010","typography_typography":"custom","typography_font_family":"Helvetica","typography_font_size":{"unit":"px","size":20,"sizes":[]},"typography_font_weight":"700","typography_line_height":{"unit":"px","size":21,"sizes":[]},"_padding":{"unit":"px","top":"1","right":"0","bottom":"5","left":"0","isLinked":false}},"elements":[],"isInner":false,"widgetType":"heading","elType":"widget"},{"id":"1e3f","settings":{"title":"Feel free to ask a question or simply leave a comment","header_size":"p","title_color":"#999999","typography_typography":"custom","typography_font_family":"Helvetica","typography_font_size":{"unit":"px","size":14,"sizes":[]},"typography_font_weight":"400","typography_line_height":{"unit":"px","size":18,"sizes":[]},"_margin":{"unit":"px","top":"0","right":"0","bottom":"40","left":"0","isLinked":false},"_padding":{"unit":"px","top":"5","right":"0","bottom":"11","left":"0","isLinked":false},"_border_border":"solid","_border_width":{"unit":"px","top":"0","right":"0","bottom":"1","left":"0","isLinked":false},"_border_color":"#e9e9e9"},"elements":[],"isInner":false,"widgetType":"heading","elType":"widget"},{"id":"430c","settings":{"mf_input_label":"Comments \/ Questions","mf_input_name":"mf-comment","mf_input_placeholder":"","mf_input_required":"yes","mf_input_label_color":"#101010","mf_input_label_typography_typography":"custom","mf_input_label_typography_font_family":"Helvetica","mf_input_label_typography_font_size":{"unit":"px","size":18,"sizes":[]},"mf_input_label_typography_font_weight":"500","mf_input_label_typography_line_height":{"unit":"px","size":21,"sizes":[]},"mf_input_label_margin":{"unit":"px","top":"0","right":"0","bottom":"5","left":"0","isLinked":false},"mf_input_required_indicator_color":"#101010","mf_input_padding":{"unit":"px","top":"15","right":"25","bottom":"15","left":"25","isLinked":false},"mf_input_color":"#101010","mf_input_border_border":"solid","mf_input_border_width":{"unit":"px","top":"1","right":"1","bottom":"1","left":"1","isLinked":true},"mf_input_border_color":"#ededed","mf_input_typgraphy_typography":"custom","mf_input_typgraphy_font_family":"Helvetica","mf_input_typgraphy_font_size":{"unit":"px","size":14,"sizes":[]},"mf_input_typgraphy_font_weight":"400","mf_input_typgraphy_line_height":{"unit":"px","size":15,"sizes":[]},"mf_input_border_radius":{"unit":"px","size":5,"sizes":[]},"mf_input_box_shadow_box_shadow_type":"yes","mf_input_box_shadow_box_shadow":{"horizontal":0,"vertical":3,"blur":5,"spread":0,"color":"rgba(0,0,0,0.05)"},"mf_input_place_holder_typography_typography":"custom","mf_input_place_holder_typography_font_family":"Helvetica","mf_input_place_holder_typography_font_weight":"400","mf_input_placeholder_color":"#999999","mf_input_help_text_typography_typography":"custom","mf_input_help_text_typography_font_family":"Helvetica","mf_input_help_text_typography_font_size":{"unit":"px","size":12,"sizes":[]},"mf_input_help_text_typography_font_weight":"400","mf_input_help_text_typography_font_style":"italic","mf_input_help_text_typography_line_height":{"unit":"px","size":14,"sizes":[]},"mf_input_help_text_padding":{"unit":"px","top":"3","right":"0","bottom":"0","left":"0","isLinked":false},"mf_textarea_field_height":{"unit":"px","size":140,"sizes":[]}},"elements":[],"isInner":false,"widgetType":"mf-textarea","elType":"widget"},{"id":"6455","settings":{"_margin":{"unit":"px","top":"40","right":"0","bottom":"0","left":"0","isLinked":false}},"elements":[],"isInner":false,"widgetType":"mf-recaptcha","elType":"widget"},{"id":"4e6a","settings":{"mf_btn_text":"Send Message","mf_btn_align":"left","mf_btn_text_padding":{"unit":"px","top":"15","right":"20","bottom":"15","left":"20","isLinked":false},"mf_btn_typography_typography":"custom","mf_btn_typography_font_family":"Helvetica","mf_btn_typography_font_size":{"unit":"px","size":16,"sizes":[]},"mf_btn_typography_font_weight":"500","mf_btn_typography_line_height":{"unit":"px","size":18,"sizes":[]},"mf_btn_bg_color_background":"classic","mf_btn_bg_color_color":"#4285f4","mf_btn_border_radius":{"unit":"px","top":"5","right":"5","bottom":"5","left":"5","isLinked":true},"mf_btn_box_shadow_group_box_shadow_type":"yes","mf_btn_box_shadow_group_box_shadow":{"horizontal":0,"vertical":7,"blur":15,"spread":0,"color":"rgba(66,133,244,0.3)"},"_margin":{"unit":"px","top":"40","right":"0","bottom":"0","left":"0","isLinked":false}},"elements":[],"isInner":false,"widgetType":"mf-button","elType":"widget"},{"id":"5f5b","settings":{"_padding":{"unit":"px","top":"0","right":"15","bottom":"0","left":"15","isLinked":false},"_margin":{"unit":"px","top":"20","right":"0","bottom":"0","left":"0","isLinked":false}},"elements":[],"isInner":false,"widgetType":"mf-response","elType":"widget"}],"isInner":true,"elType":"column"}],"isInner":true,"elType":"section"}],"isInner":false,"elType":"column"}],"isInner":false,"elType":"section"}]}