{"version":"0.4","title":"Booking Form","type":"page","content":[{"id":"434f","settings":{"gap":"no","box_shadow_box_shadow":{"horizontal":30,"vertical":30,"blur":80,"spread":0,"color":"rgba(0,0,0,0.1)"}},"elements":[{"id":"39ae","settings":{"_column_size":100,"_inline_size":null},"elements":[{"id":"5dbd","settings":{"gap":"extended","structure":"20"},"elements":[{"id":"4726","settings":{"_column_size":50,"_inline_size":null},"elements":[{"id":"1a81","settings":{"mf_input_label":"First Name","mf_input_name":"mf-first-name","mf_input_placeholder":"Anderson","mf_input_help_text":"Enter your first name here","mf_input_label_typography_typography":"custom","mf_input_label_typography_font_family":"Helvetica","mf_input_label_typography_font_size":{"unit":"px","size":18,"sizes":[]},"mf_input_label_typography_font_weight":"500","mf_input_label_typography_line_height":{"unit":"px","size":21,"sizes":[]},"mf_input_min_length":1,"mf_input_label_color":"#101010","mf_input_label_margin":{"unit":"px","top":"0","right":"0","bottom":"5","left":"0","isLinked":false},"mf_input_padding":{"unit":"px","top":"15","right":"25","bottom":"15","left":"25","isLinked":false},"mf_input_color":"#101010","mf_input_border_border":"solid","mf_input_border_width":{"unit":"px","top":"1","right":"1","bottom":"1","left":"1","isLinked":true},"mf_input_border_color":"#ededed","mf_input_typgraphy_typography":"custom","mf_input_typgraphy_font_family":"Helvetica","mf_input_typgraphy_font_size":{"unit":"px","size":14,"sizes":[]},"mf_input_typgraphy_font_weight":"400","mf_input_typgraphy_line_height":{"unit":"px","size":15,"sizes":[]},"mf_input_border_radius":{"unit":"px","size":5,"sizes":[]},"mf_input_box_shadow_box_shadow_type":"yes","mf_input_box_shadow_box_shadow":{"horizontal":0,"vertical":3,"blur":5,"spread":0,"color":"rgba(0,0,0,0.05)"},"mf_input_place_holder_typography_typography":"custom","mf_input_place_holder_typography_font_family":"Helvetica","mf_input_place_holder_typography_font_weight":"400","mf_input_placeholder_color":"#999999","mf_input_help_text_typography_typography":"custom","mf_input_help_text_typography_font_family":"Helvetica","mf_input_help_text_typography_font_size":{"unit":"px","size":12,"sizes":[]},"mf_input_help_text_typography_font_weight":"400","mf_input_help_text_typography_font_style":"italic","mf_input_help_text_typography_line_height":{"unit":"px","size":14,"sizes":[]},"mf_input_help_text_padding":{"unit":"px","top":"3","right":"0","bottom":"0","left":"0","isLinked":false},"mf_input_required":"yes","mf_input_required_indicator_color":"#101010"},"elements":[],"isInner":false,"widgetType":"mf-text","elType":"widget"}],"isInner":true,"elType":"column"},{"id":"2114","settings":{"_column_size":50,"_inline_size":null},"elements":[{"id":"f67","settings":{"mf_input_label":"Last Name","mf_input_name":"mf-last-name","mf_input_placeholder":"Mikoo","mf_input_help_text":"Enter your last name here","mf_input_label_color":"#101010","mf_input_label_typography_typography":"custom","mf_input_label_typography_font_family":"Helvetica","mf_input_label_typography_font_size":{"unit":"px","size":18,"sizes":[]},"mf_input_label_typography_font_weight":"500","mf_input_label_typography_line_height":{"unit":"px","size":21,"sizes":[]},"mf_input_label_margin":{"unit":"px","top":"0","right":"0","bottom":"5","left":"0","isLinked":false},"mf_input_padding":{"unit":"px","top":"15","right":"25","bottom":"15","left":"25","isLinked":false},"mf_input_color":"#101010","mf_input_border_border":"solid","mf_input_border_width":{"unit":"px","top":"1","right":"1","bottom":"1","left":"1","isLinked":true},"mf_input_border_color":"#ededed","mf_input_typgraphy_typography":"custom","mf_input_typgraphy_font_family":"Helvetica","mf_input_typgraphy_font_size":{"unit":"px","size":14,"sizes":[]},"mf_input_typgraphy_font_weight":"400","mf_input_typgraphy_line_height":{"unit":"px","size":15,"sizes":[]},"mf_input_border_radius":{"unit":"px","size":5,"sizes":[]},"mf_input_box_shadow_box_shadow_type":"yes","mf_input_box_shadow_box_shadow":{"horizontal":0,"vertical":3,"blur":5,"spread":0,"color":"rgba(0,0,0,0.05)"},"mf_input_place_holder_typography_typography":"custom","mf_input_place_holder_typography_font_family":"Helvetica","mf_input_place_holder_typography_font_weight":"400","mf_input_placeholder_color":"#999999","mf_input_help_text_typography_typography":"custom","mf_input_help_text_typography_font_family":"Helvetica","mf_input_help_text_typography_font_size":{"unit":"px","size":12,"sizes":[]},"mf_input_help_text_typography_font_weight":"400","mf_input_help_text_typography_font_style":"italic","mf_input_help_text_typography_line_height":{"unit":"px","size":14,"sizes":[]},"mf_input_help_text_padding":{"unit":"px","top":"3","right":"0","bottom":"0","left":"0","isLinked":false},"mf_input_required":"yes","mf_input_required_indicator_color":"#101010"},"elements":[],"isInner":false,"widgetType":"mf-text","elType":"widget"}],"isInner":true,"elType":"column"}],"isInner":true,"elType":"section"},{"id":"14fe","settings":{"gap":"extended","structure":"20"},"elements":[{"id":"3b03","settings":{"_column_size":50,"_inline_size":null,"margin":{"unit":"px","top":"7","right":"0","bottom":"0","left":"0","isLinked":false}},"elements":[{"id":"2fb2","settings":{"mf_input_label":"Mobile Number","mf_input_name":"mf-tel","mf_input_placeholder":"","mf_input_help_text":"Example: +1 212-695-1962","mf_input_required":"yes","mf_input_label_color":"#101010","mf_input_label_typography_typography":"custom","mf_input_label_typography_font_family":"Helvetica","mf_input_label_typography_font_size":{"unit":"px","size":18,"sizes":[]},"mf_input_label_typography_font_weight":"500","mf_input_label_typography_line_height":{"unit":"px","size":21,"sizes":[]},"mf_input_label_margin":{"unit":"px","top":"0","right":"0","bottom":"5","left":"0","isLinked":false},"mf_input_required_indicator_color":"#101010","mf_input_padding":{"unit":"px","top":"15","right":"25","bottom":"15","left":"25","isLinked":false},"mf_input_color":"#101010","mf_input_border_border":"solid","mf_input_border_width":{"unit":"px","top":"1","right":"1","bottom":"1","left":"1","isLinked":true},"mf_input_border_color":"#ededed","mf_input_typgraphy_typography":"custom","mf_input_typgraphy_font_family":"Helvetica","mf_input_typgraphy_font_size":{"unit":"px","size":14,"sizes":[]},"mf_input_typgraphy_font_weight":"400","mf_input_typgraphy_line_height":{"unit":"px","size":15,"sizes":[]},"mf_input_border_radius":{"unit":"px","size":5,"sizes":[]},"mf_input_box_shadow_box_shadow_type":"yes","mf_input_box_shadow_box_shadow":{"horizontal":0,"vertical":3,"blur":5,"spread":0,"color":"rgba(0,0,0,0.05)"},"mf_input_place_holder_typography_typography":"custom","mf_input_place_holder_typography_font_family":"Helvetica","mf_input_place_holder_typography_font_weight":"400","mf_input_placeholder_color":"#999999","mf_input_help_text_typography_typography":"custom","mf_input_help_text_typography_font_family":"Helvetica","mf_input_help_text_typography_font_size":{"unit":"px","size":12,"sizes":[]},"mf_input_help_text_typography_font_weight":"400","mf_input_help_text_typography_font_style":"italic","mf_input_help_text_typography_line_height":{"unit":"px","size":14,"sizes":[]},"mf_input_help_text_padding":{"unit":"px","top":"3","right":"0","bottom":"0","left":"0","isLinked":false}},"elements":[],"isInner":false,"widgetType":"mf-telephone","elType":"widget"}],"isInner":true,"elType":"column"},{"id":"18b9","settings":{"_column_size":50,"_inline_size":null,"margin":{"unit":"px","top":"7","right":"0","bottom":"0","left":"0","isLinked":false}},"elements":[{"id":"3a80","settings":{"mf_input_label":"Email Address","mf_input_name":"mf-email","mf_input_placeholder":"","mf_input_help_text":"Example: user@website.com","mf_input_required":"yes","mf_input_label_color":"#101010","mf_input_label_typography_typography":"custom","mf_input_label_typography_font_family":"Helvetica","mf_input_label_typography_font_size":{"unit":"px","size":18,"sizes":[]},"mf_input_label_typography_font_weight":"500","mf_input_label_typography_line_height":{"unit":"px","size":21,"sizes":[]},"mf_input_label_margin":{"unit":"px","top":"0","right":"0","bottom":"5","left":"0","isLinked":false},"mf_input_required_indicator_color":"#101010","mf_input_padding":{"unit":"px","top":"15","right":"25","bottom":"15","left":"25","isLinked":false},"mf_input_color":"#101010","mf_input_border_border":"solid","mf_input_border_width":{"unit":"px","top":"1","right":"1","bottom":"1","left":"1","isLinked":true},"mf_input_border_color":"#ededed","mf_input_typgraphy_typography":"custom","mf_input_typgraphy_font_family":"Helvetica","mf_input_typgraphy_font_size":{"unit":"px","size":14,"sizes":[]},"mf_input_typgraphy_font_weight":"400","mf_input_typgraphy_line_height":{"unit":"px","size":15,"sizes":[]},"mf_input_border_radius":{"unit":"px","size":5,"sizes":[]},"mf_input_box_shadow_box_shadow_type":"yes","mf_input_box_shadow_box_shadow":{"horizontal":0,"vertical":3,"blur":5,"spread":0,"color":"rgba(0,0,0,0.05)"},"mf_input_place_holder_typography_typography":"custom","mf_input_place_holder_typography_font_family":"Helvetica","mf_input_place_holder_typography_font_weight":"400","mf_input_placeholder_color":"#999999","mf_input_help_text_typography_typography":"custom","mf_input_help_text_typography_font_family":"Helvetica","mf_input_help_text_typography_font_size":{"unit":"px","size":12,"sizes":[]},"mf_input_help_text_typography_font_weight":"400","mf_input_help_text_typography_font_style":"italic","mf_input_help_text_typography_line_height":{"unit":"px","size":14,"sizes":[]},"mf_input_help_text_padding":{"unit":"px","top":"3","right":"0","bottom":"0","left":"0","isLinked":false}},"elements":[],"isInner":false,"widgetType":"mf-email","elType":"widget"}],"isInner":true,"elType":"column"}],"isInner":true,"elType":"section"},{"id":"77b","settings":{"gap":"extended","structure":"20"},"elements":[{"id":"7eac","settings":{"_column_size":50,"_inline_size":null,"margin":{"unit":"px","top":"7","right":"0","bottom":"0","left":"0","isLinked":false}},"elements":[{"id":"45f","settings":{"mf_input_label":"Check in Date","mf_input_name":"mf-checkin-date","mf_input_required":"yes","mf_input_min_date":"yes","mf_input_default_date":"","mf_input_date_format_all":"d-m-Y","mf_input_label_color":"#101010","mf_input_label_typography_typography":"custom","mf_input_label_typography_font_family":"Helvetica","mf_input_label_typography_font_size":{"unit":"px","size":18,"sizes":[]},"mf_input_label_typography_font_weight":"500","mf_input_label_typography_line_height":{"unit":"px","size":21,"sizes":[]},"mf_input_label_margin":{"unit":"px","top":"0","right":"0","bottom":"5","left":"0","isLinked":false},"mf_input_required_indicator_color":"#101010","mf_input_padding":{"unit":"px","top":"15","right":"25","bottom":"15","left":"25","isLinked":false},"mf_input_color":"#101010","mf_input_border_border":"solid","mf_input_border_width":{"unit":"px","top":"1","right":"1","bottom":"1","left":"1","isLinked":true},"mf_input_border_color":"#ededed","mf_input_typgraphy_typography":"custom","mf_input_typgraphy_font_family":"Helvetica","mf_input_typgraphy_font_size":{"unit":"px","size":14,"sizes":[]},"mf_input_typgraphy_font_weight":"400","mf_input_typgraphy_line_height":{"unit":"px","size":15,"sizes":[]},"mf_input_border_radius":{"unit":"px","size":5,"sizes":[]},"mf_input_box_shadow_box_shadow_type":"yes","mf_input_box_shadow_box_shadow":{"horizontal":0,"vertical":3,"blur":5,"spread":0,"color":"rgba(0,0,0,0.05)"},"mf_input_help_text_typography_typography":"custom","mf_input_help_text_typography_font_family":"Helvetica","mf_input_help_text_typography_font_size":{"unit":"px","size":12,"sizes":[]},"mf_input_help_text_typography_font_weight":"400","mf_input_help_text_typography_font_style":"italic","mf_input_help_text_typography_line_height":{"unit":"px","size":14,"sizes":[]},"mf_input_help_text_padding":{"unit":"px","top":"3","right":"0","bottom":"0","left":"0","isLinked":false},"mf_input_placeholder":"DD - MM - YYYY"},"elements":[],"isInner":false,"widgetType":"mf-date","elType":"widget"}],"isInner":true,"elType":"column"},{"id":"30a","settings":{"_column_size":50,"_inline_size":null,"margin":{"unit":"px","top":"7","right":"0","bottom":"0","left":"0","isLinked":false}},"elements":[{"id":"775","settings":{"mf_input_label":"Check out Date","mf_input_name":"mf-checkout-date","mf_input_required":"yes","mf_input_date_format_all":"d-m-Y","mf_input_label_color":"#101010","mf_input_label_typography_typography":"custom","mf_input_label_typography_font_family":"Helvetica","mf_input_label_typography_font_size":{"unit":"px","size":18,"sizes":[]},"mf_input_label_typography_font_weight":"500","mf_input_label_typography_line_height":{"unit":"px","size":21,"sizes":[]},"mf_input_label_margin":{"unit":"px","top":"0","right":"0","bottom":"5","left":"0","isLinked":false},"mf_input_required_indicator_color":"#101010","mf_input_padding":{"unit":"px","top":"15","right":"25","bottom":"15","left":"25","isLinked":false},"mf_input_color":"#101010","mf_input_border_border":"solid","mf_input_border_width":{"unit":"px","top":"1","right":"1","bottom":"1","left":"1","isLinked":true},"mf_input_border_color":"#ededed","mf_input_typgraphy_typography":"custom","mf_input_typgraphy_font_family":"Helvetica","mf_input_typgraphy_font_size":{"unit":"px","size":14,"sizes":[]},"mf_input_typgraphy_font_weight":"400","mf_input_typgraphy_line_height":{"unit":"px","size":15,"sizes":[]},"mf_input_border_radius":{"unit":"px","size":5,"sizes":[]},"mf_input_box_shadow_box_shadow_type":"yes","mf_input_box_shadow_box_shadow":{"horizontal":0,"vertical":3,"blur":5,"spread":0,"color":"rgba(0,0,0,0.05)"},"mf_input_help_text_typography_typography":"custom","mf_input_help_text_typography_font_family":"Helvetica","mf_input_help_text_typography_font_size":{"unit":"px","size":12,"sizes":[]},"mf_input_help_text_typography_font_weight":"400","mf_input_help_text_typography_font_style":"italic","mf_input_help_text_typography_line_height":{"unit":"px","size":14,"sizes":[]},"mf_input_help_text_padding":{"unit":"px","top":"3","right":"0","bottom":"0","left":"0","isLinked":false},"mf_input_placeholder":"DD - MM - YYYY"},"elements":[],"isInner":false,"widgetType":"mf-date","elType":"widget"}],"isInner":true,"elType":"column"}],"isInner":true,"elType":"section"},{"id":"7744","settings":{"gap":"extended","structure":"20"},"elements":[{"id":"25f1","settings":{"_column_size":50,"_inline_size":null,"margin":{"unit":"px","top":"7","right":"0","bottom":"0","left":"0","isLinked":false}},"elements":[{"id":"5998","settings":{"mf_input_label":"Number of Adults","mf_input_name":"mf-adults","mf_input_placeholder":"","mf_input_required":"yes","mf_input_label_color":"#101010","mf_input_label_typography_typography":"custom","mf_input_label_typography_font_family":"Helvetica","mf_input_label_typography_font_size":{"unit":"px","size":18,"sizes":[]},"mf_input_label_typography_font_weight":"500","mf_input_label_typography_line_height":{"unit":"px","size":21,"sizes":[]},"mf_input_label_margin":{"unit":"px","top":"0","right":"0","bottom":"5","left":"0","isLinked":false},"mf_input_required_indicator_color":"#101010","mf_input_padding":{"unit":"px","top":"15","right":"25","bottom":"15","left":"25","isLinked":false},"mf_input_color":"#101010","mf_input_border_border":"solid","mf_input_border_width":{"unit":"px","top":"1","right":"1","bottom":"1","left":"1","isLinked":true},"mf_input_border_color":"#ededed","mf_input_typgraphy_typography":"custom","mf_input_typgraphy_font_family":"Helvetica","mf_input_typgraphy_font_size":{"unit":"px","size":14,"sizes":[]},"mf_input_typgraphy_font_weight":"400","mf_input_typgraphy_line_height":{"unit":"px","size":15,"sizes":[]},"mf_input_border_radius":{"unit":"px","size":5,"sizes":[]},"mf_input_box_shadow_box_shadow_type":"yes","mf_input_box_shadow_box_shadow":{"horizontal":0,"vertical":3,"blur":5,"spread":0,"color":"rgba(0,0,0,0.05)"},"mf_input_place_holder_typography_typography":"custom","mf_input_place_holder_typography_font_family":"Helvetica","mf_input_place_holder_typography_font_weight":"400","mf_input_placeholder_color":"#999999","mf_input_help_text_typography_typography":"custom","mf_input_help_text_typography_font_family":"Helvetica","mf_input_help_text_typography_font_size":{"unit":"px","size":12,"sizes":[]},"mf_input_help_text_typography_font_weight":"400","mf_input_help_text_typography_font_style":"italic","mf_input_help_text_typography_line_height":{"unit":"px","size":14,"sizes":[]},"mf_input_help_text_padding":{"unit":"px","top":"3","right":"0","bottom":"0","left":"0","isLinked":false}},"elements":[],"isInner":false,"widgetType":"mf-number","elType":"widget"}],"isInner":true,"elType":"column"},{"id":"2057","settings":{"_column_size":50,"_inline_size":null,"margin":{"unit":"px","top":"7","right":"0","bottom":"0","left":"0","isLinked":false}},"elements":[{"id":"45d6","settings":{"mf_input_label":"Number of Children","mf_input_name":"mf-childs","mf_input_placeholder":"","mf_input_required":"","mf_input_label_color":"#101010","mf_input_label_typography_typography":"custom","mf_input_label_typography_font_family":"Helvetica","mf_input_label_typography_font_size":{"unit":"px","size":18,"sizes":[]},"mf_input_label_typography_font_weight":"500","mf_input_label_typography_line_height":{"unit":"px","size":21,"sizes":[]},"mf_input_label_margin":{"unit":"px","top":"0","right":"0","bottom":"5","left":"0","isLinked":false},"mf_input_required_indicator_color":"#101010","mf_input_padding":{"unit":"px","top":"15","right":"25","bottom":"15","left":"25","isLinked":false},"mf_input_color":"#101010","mf_input_border_border":"solid","mf_input_border_width":{"unit":"px","top":"1","right":"1","bottom":"1","left":"1","isLinked":true},"mf_input_border_color":"#ededed","mf_input_typgraphy_typography":"custom","mf_input_typgraphy_font_family":"Helvetica","mf_input_typgraphy_font_size":{"unit":"px","size":14,"sizes":[]},"mf_input_typgraphy_font_weight":"400","mf_input_typgraphy_line_height":{"unit":"px","size":15,"sizes":[]},"mf_input_border_radius":{"unit":"px","size":5,"sizes":[]},"mf_input_box_shadow_box_shadow_type":"yes","mf_input_box_shadow_box_shadow":{"horizontal":0,"vertical":3,"blur":5,"spread":0,"color":"rgba(0,0,0,0.05)"},"mf_input_place_holder_typography_typography":"custom","mf_input_place_holder_typography_font_family":"Helvetica","mf_input_place_holder_typography_font_weight":"400","mf_input_placeholder_color":"#999999","mf_input_help_text_typography_typography":"custom","mf_input_help_text_typography_font_family":"Helvetica","mf_input_help_text_typography_font_size":{"unit":"px","size":12,"sizes":[]},"mf_input_help_text_typography_font_weight":"400","mf_input_help_text_typography_font_style":"italic","mf_input_help_text_typography_line_height":{"unit":"px","size":14,"sizes":[]},"mf_input_help_text_padding":{"unit":"px","top":"3","right":"0","bottom":"0","left":"0","isLinked":false}},"elements":[],"isInner":false,"widgetType":"mf-number","elType":"widget"}],"isInner":true,"elType":"column"}],"isInner":true,"elType":"section"},{"id":"2229","settings":{"gap":"extended"},"elements":[{"id":"43b0","settings":{"_column_size":100,"_inline_size":null,"space_between_widgets":0,"margin":{"unit":"px","top":"7","right":"0","bottom":"0","left":"0","isLinked":false}},"elements":[{"id":"302d","settings":{"mf_input_label":"Write your comment here","mf_input_name":"mf-comment","mf_input_placeholder":"","mf_input_required":"yes","mf_input_label_color":"#101010","mf_input_label_typography_typography":"custom","mf_input_label_typography_font_family":"Helvetica","mf_input_label_typography_font_size":{"unit":"px","size":18,"sizes":[]},"mf_input_label_typography_font_weight":"500","mf_input_label_typography_line_height":{"unit":"px","size":21,"sizes":[]},"mf_input_label_margin":{"unit":"px","top":"0","right":"0","bottom":"5","left":"0","isLinked":false},"mf_input_required_indicator_color":"#101010","mf_input_padding":{"unit":"px","top":"15","right":"25","bottom":"15","left":"25","isLinked":false},"mf_input_color":"#101010","mf_input_border_border":"solid","mf_input_border_width":{"unit":"px","top":"1","right":"1","bottom":"1","left":"1","isLinked":true},"mf_input_border_color":"#ededed","mf_input_typgraphy_typography":"custom","mf_input_typgraphy_font_family":"Helvetica","mf_input_typgraphy_font_size":{"unit":"px","size":14,"sizes":[]},"mf_input_typgraphy_font_weight":"400","mf_input_typgraphy_line_height":{"unit":"px","size":15,"sizes":[]},"mf_input_border_radius":{"unit":"px","size":5,"sizes":[]},"mf_input_box_shadow_box_shadow_type":"yes","mf_input_box_shadow_box_shadow":{"horizontal":0,"vertical":3,"blur":5,"spread":0,"color":"rgba(0,0,0,0.05)"},"mf_input_place_holder_typography_typography":"custom","mf_input_place_holder_typography_font_family":"Helvetica","mf_input_place_holder_typography_font_weight":"400","mf_input_placeholder_color":"#999999","mf_input_help_text_typography_typography":"custom","mf_input_help_text_typography_font_family":"Helvetica","mf_input_help_text_typography_font_size":{"unit":"px","size":12,"sizes":[]},"mf_input_help_text_typography_font_weight":"400","mf_input_help_text_typography_font_style":"italic","mf_input_help_text_typography_line_height":{"unit":"px","size":14,"sizes":[]},"mf_input_help_text_padding":{"unit":"px","top":"3","right":"0","bottom":"0","left":"0","isLinked":false},"mf_textarea_field_height":{"unit":"px","size":140,"sizes":[]}},"elements":[],"isInner":false,"widgetType":"mf-textarea","elType":"widget"},{"id":"6962","settings":{"mf_btn_text":"Submit","mf_btn_align":"left","mf_btn_text_padding":{"unit":"px","top":"15","right":"50","bottom":"15","left":"50","isLinked":false},"mf_btn_typography_typography":"custom","mf_btn_typography_font_family":"Helvetica","mf_btn_typography_font_size":{"unit":"px","size":16,"sizes":[]},"mf_btn_typography_font_weight":"500","mf_btn_typography_line_height":{"unit":"px","size":18,"sizes":[]},"mf_btn_bg_color_background":"classic","mf_btn_bg_color_color":"#4285f4","mf_btn_border_radius":{"unit":"px","top":"5","right":"5","bottom":"5","left":"5","isLinked":true},"mf_btn_box_shadow_group_box_shadow_type":"yes","mf_btn_box_shadow_group_box_shadow":{"horizontal":0,"vertical":7,"blur":15,"spread":0,"color":"rgba(66,133,244,0.3)"},"_margin":{"unit":"px","top":"40","right":"0","bottom":"0","left":"0","isLinked":false}},"elements":[],"isInner":false,"widgetType":"mf-button","elType":"widget"},{"id":"6af3","settings":{"_padding":{"unit":"px","top":"0","right":"15","bottom":"0","left":"15","isLinked":false},"_margin":{"unit":"px","top":"20","right":"0","bottom":"0","left":"0","isLinked":false}},"elements":[],"isInner":false,"widgetType":"mf-response","elType":"widget"}],"isInner":true,"elType":"column"}],"isInner":true,"elType":"section"}],"isInner":false,"elType":"column"}],"isInner":false,"elType":"section"}]}